{
  "rmse": 0.5842238068580627,
  "delta_cl_mean_low_ell": 50.708919525146484,
  "coverage_68": 0.6985301971435547,
  "coverage_95": 0.916527271270752,
  "n_patches": 512,
  "n_samples": 100
}